,Country,Nscore,Oscore,Ascore,Cscore,LSDActual,LSDPredicted
0,-1.3316196666324838,-0.44413705936815745,2.1840648261896933,0.7500823353239293,-0.2991221104256368,0,1
1,0.8676871525089946,-0.7679597295939952,0.7433949343325718,-0.9374776416863053,0.2362785757240634,0,0
2,0.8676871525089946,0.43859079687690045,0.3102489282713287,1.2782299239452557,-0.16587171560906655,0,0
3,0.8676871525089946,0.846989245618208,0.1571587356284978,0.5785656164232913,0.9159855409114235,0,0
4,-1.3316196666324838,1.2554276404114768,0.7433949343325718,-1.9522161704888599,-0.428813830031802,0,0
5,-1.3316196666324838,0.43859079687690045,1.4607678192781122,-0.31868385935960486,1.4382111317596804,0,0
6,0.8676871525089946,0.6513035235718473,1.264304590812485,0.9317166699870887,-1.1606114034253998,0,0
7,-0.15458374482192935,1.6241496730420317,-0.7079847222352659,1.1052046142251564,-0.428813830031802,0,0
8,0.8676871525089946,-0.6548524834650296,-0.44046225528922517,0.4257956527724944,-0.029802370204478804,0,0
9,-1.3316196666324838,0.7569408579840139,-1.2704337577389628,-0.47104147485308234,-0.428813830031802,0,0
10,0.8676871525089946,0.3349307920368278,-0.5730195217980587,-0.9374776416863053,-0.029802370204478804,0,0
11,-1.3316196666324838,0.3349307920368278,0.46386302285673464,0.5785656164232913,-0.6754420176472876,1,0
12,-0.20910275233146228,-0.44413705936815745,1.6836276456196335,1.1052046142251564,0.39263037057222355,1,0
13,0.8676871525089946,-0.325037905444968,-0.16445660688841224,-0.6250384257037079,-0.16587171560906655,0,0
14,0.8676871525089946,-1.1702064863332327,-1.1127493480612438,-0.47104147485308234,-0.029802370204478804,0,0
15,0.8676871525089946,2.8406367799383485,-0.8390105830658033,0.4257956527724944,-1.8041818211812597,0,0
16,-0.9223320450391784,1.0422954801709345,0.46386302285673464,-0.17099281813432823,0.2362785757240634,0,0
17,0.8676871525089946,-0.44413705936815745,0.7433949343325718,1.443460847764804,0.10010926753266651,1,0
18,-1.3316196666324838,0.846989245618208,1.264304590812485,2.7575138524206415,0.2362785757240634,0,1
19,0.8676871525089946,-1.3040057873782513,0.6023544863689658,1.2782299239452557,-0.6754420176472876,1,0
20,-1.3316196666324838,0.43859079687690045,-0.3054769047773036,-0.9374776416863053,-0.029802370204478804,1,0
21,-1.3316196666324838,1.0422954801709345,0.3102489282713287,0.11687648203530702,-0.921730331787622,1,0
22,0.8676871525089946,1.153764938169479,0.9043839562634565,-0.6250384257037079,0.9159855409114235,0,0
23,0.8676871525089946,0.24611074550044965,-1.2704337577389628,-0.6250384257037079,-0.2991221104256368,0,0
24,0.8676871525089946,1.153764938169479,0.7433949343325718,0.7500823353239293,-0.428813830031802,0,0
25,-1.3316196666324838,1.0422954801709345,-0.3054769047773036,-1.2343079713235416,0.5615174988862486,0,0
26,0.8676871525089946,0.3349307920368278,0.1571587356284978,0.5785656164232913,-0.804414005188427,0,0
27,0.8676871525089946,-0.7679597295939952,-0.0047571897392504996,-0.6250384257037079,-0.428813830031802,0,0
28,0.8676871525089946,-0.44413705936815745,-0.3054769047773036,-0.6250384257037079,0.10010926753266651,0,0
29,0.8676871525089946,-0.325037905444968,-0.9689684899364762,0.4257956527724944,1.110493131484629,0,0
30,-0.20910275233146228,1.6241496730420317,-0.7079847222352659,-1.2343079713235416,-2.203433191696925,0,0
31,0.8676871525089946,-0.55689477754246,-1.9751020205770597,0.2742426190493965,0.7348629674919609,0,0
32,-1.3316196666324838,0.7569408579840139,-1.4202596382780572,-1.2343079713235416,-1.280416803416142,0,0
33,-1.3316196666324838,0.6513035235718473,0.3102489282713287,-1.9522161704888599,-0.921730331787622,1,0
34,-1.3316196666324838,0.43859079687690045,-0.16445660688841224,-1.9522161704888599,-1.0372773170602954,0,0
35,0.8676871525089946,-1.4146463647985947,1.085019301040904,-0.47104147485308234,1.110493131484629,0,0
36,0.8676871525089946,-0.44413705936815745,-0.0047571897392504996,0.11687648203530702,-0.428813830031802,0,0
37,-1.3316196666324838,0.543129614860126,-0.44046225528922517,0.9317166699870887,-0.029802370204478804,0,0
38,-1.3316196666324838,0.1583592558540413,0.7433949343325718,-0.31868385935960486,0.7348629674919609,0,0
39,0.8676871525089946,1.0422954801709345,1.264304590812485,-0.03262486817332337,0.2362785757240634,0,0
40,-0.9223320450391784,0.43859079687690045,1.085019301040904,-1.5032595426171302,-0.16587171560906655,1,0
41,-1.3316196666324838,-0.1261365262157072,-0.5730195217980587,-0.6250384257037079,-0.804414005188427,0,0
42,0.8676871525089946,0.43859079687690045,1.085019301040904,0.5785656164232913,-1.0372773170602954,1,0
43,0.8676871525089946,-0.44413705936815745,-0.5730195217980587,0.9317166699870887,-0.16587171560906655,0,0
44,-0.9223320450391784,-1.1702064863332327,0.7433949343325718,-0.47104147485308234,0.2362785757240634,0,0
45,0.8676871525089946,1.153764938169479,-0.16445660688841224,-0.7805540246459247,-0.428813830031802,0,0
46,0.8676871525089946,1.0422954801709345,-0.7079847222352659,1.2782299239452557,-0.16587171560906655,0,0
47,0.8676871525089946,-1.029176949883184,0.3102489282713287,0.7500823353239293,-1.0372773170602954,0,0
48,-1.3316196666324838,0.846989245618208,0.6023544863689658,0.7500823353239293,-1.1606114034253998,1,0
49,-1.3316196666324838,1.6241496730420317,0.1571587356284978,-0.03262486817332337,-2.067453812800465,0,0
50,0.8676871525089946,-1.1702064863332327,1.4607678192781122,2.2318302954711022,1.110493131484629,1,0
51,0.8676871525089946,-2.397419108181211,-0.3054769047773036,2.036166066186951,1.7879209451327407,0,0
52,-1.3316196666324838,-0.6548524834650296,-1.1127493480612438,-0.7805540246459247,-1.5409897997915012,1,0
53,0.8676871525089946,-0.1261365262157072,-1.2704337577389628,1.2782299239452557,0.10010926753266651,0,0
54,-0.9223320450391784,0.543129614860126,-0.16445660688841224,-0.17099281813432823,-1.9441697078287652,1,0
55,-1.3316196666324838,0.9321841879390806,1.264304590812485,-0.17099281813432823,-1.4076594347454838,1,0
56,-1.3316196666324838,0.846989245618208,-0.0047571897392504996,-0.31868385935960486,0.5615174988862486,0,0
57,0.8676871525089946,-0.0293272692870305,0.1571587356284978,0.9317166699870887,0.9159855409114235,0,0
58,0.8676871525089946,-0.7679597295939952,-0.7079847222352659,2.036166066186951,1.6071182526310672,0,0
59,0.8676871525089946,-0.0293272692870305,-0.7079847222352659,-0.31868385935960486,0.10010926753266651,0,0
60,0.8676871525089946,-1.8446156815991082,0.1571587356284978,-0.7805540246459247,-0.16587171560906655,0,0
61,-0.15458374482192935,0.43859079687690045,-0.0047571897392504996,-0.9374776416863053,-0.921730331787622,1,0
62,-1.3316196666324838,-1.3040057873782513,0.7433949343325718,0.9317166699870887,1.6071182526310672,1,0
63,-1.3316196666324838,1.512051064725094,-0.0047571897392504996,-2.1056197422838303,-0.804414005188427,0,0
64,0.8676871525089946,-0.22367479859268116,-0.7079847222352659,-0.17099281813432823,1.4382111317596804,0,0
65,-1.3316196666324838,1.6241496730420317,1.264304590812485,-0.9374776416863053,-1.4076594347454838,1,0
66,0.8676871525089946,-0.325037905444968,-0.44046225528922517,0.11687648203530702,0.7348629674919609,0,0
67,-0.6529118956758633,-1.6668657368834574,-0.5730195217980587,-1.2343079713235416,-1.280416803416142,1,0
68,0.8676871525089946,0.3349307920368278,0.1571587356284978,0.5785656164232913,2.021144123037122,0,0
69,0.8676871525089946,-0.55689477754246,-0.0047571897392504996,-0.17099281813432823,-0.16587171560906655,0,0
70,0.8676871525089946,0.9321841879390806,-1.4202596382780572,0.4257956527724944,2.3093468336865244,0,0
71,0.8676871525089946,0.9321841879390806,-1.1127493480612438,0.5785656164232913,0.2362785757240634,0,0
72,0.8676871525089946,-0.7679597295939952,0.1571587356284978,-1.0967244885886567,1.110493131484629,1,0
73,0.8676871525089946,-0.0293272692870305,1.085019301040904,-0.6250384257037079,-0.2991221104256368,0,0
74,0.8676871525089946,0.24611074550044965,-1.1127493480612438,-0.03262486817332337,0.9159855409114235,0,0
75,0.8676871525089946,-0.6548524834650296,0.3102489282713287,0.11687648203530702,-0.029802370204478804,0,0
76,0.8676871525089946,-1.4146463647985947,-0.3054769047773036,-0.7805540246459247,-0.428813830031802,0,0
77,-1.3316196666324838,0.3349307920368278,1.9139228495307772,0.2742426190493965,-1.5409897997915012,0,0
78,0.8676871525089946,-0.22367479859268116,-0.9689684899364762,-0.47104147485308234,0.5615174988862486,0,0
79,0.8676871525089946,1.0422954801709345,-0.9689684899364762,-0.6250384257037079,-0.16587171560906655,0,0
80,-1.3316196666324838,1.0422954801709345,0.3102489282713287,-1.6454190841710483,-0.921730331787622,0,0
81,-1.3316196666324838,1.2554276404114768,1.085019301040904,-0.31868385935960486,-2.3263774231934735,0,0
82,-0.20910275233146228,-0.44413705936815745,-0.3054769047773036,-1.2343079713235416,0.9159855409114235,0,0
83,-1.3316196666324838,0.06499534590704331,-0.0047571897392504996,-0.9374776416863053,-0.6754420176472876,0,0
84,0.8676871525089946,-0.6548524834650296,-1.6785634460422494,0.7500823353239293,0.7348629674919609,0,0
85,-0.15458374482192935,-0.325037905444968,-0.16445660688841224,-0.47104147485308234,0.10010926753266651,1,0
86,0.8676871525089946,-0.1261365262157072,2.4820844312160135,0.4257956527724944,-0.029802370204478804,1,0
87,-1.3316196666324838,1.0422954801709345,0.46386302285673464,-0.03262486817332337,-0.921730331787622,0,0
88,-0.15458374482192935,0.43859079687690045,-2.402162704074547,-0.31868385935960486,0.7348629674919609,0,0
89,-1.3316196666324838,0.3349307920368278,0.7433949343325718,-1.0967244885886567,0.39263037057222355,0,0
90,0.8676871525089946,-0.1261365262157072,-0.7079847222352659,-1.6454190841710483,0.2362785757240634,0,0
91,0.8676871525089946,0.7569408579840139,1.4607678192781122,0.9317166699870887,-0.921730331787622,0,0
92,0.8676871525089946,0.24611074550044965,-0.16445660688841224,-0.47104147485308234,-0.2991221104256368,0,0
93,0.8676871525089946,-0.55689477754246,-0.7079847222352659,2.036166066186951,0.9159855409114235,0,0
94,0.8676871525089946,-0.7679597295939952,-1.2704337577389628,0.9317166699870887,-0.029802370204478804,0,0
95,-0.6529118956758633,2.630350775900063,1.085019301040904,-0.03262486817332337,-2.445423106004467,1,0
96,-1.3316196666324838,0.43859079687690045,0.6023544863689658,0.2742426190493965,-1.280416803416142,1,0
97,0.8676871525089946,-0.44413705936815745,0.7433949343325718,0.9317166699870887,0.5615174988862486,0,0
98,0.8676871525089946,-0.7679597295939952,-0.3054769047773036,-0.17099281813432823,-0.5504085639064277,0,0
99,-1.3316196666324838,-1.1702064863332327,1.264304590812485,-0.9374776416863053,-0.16587171560906655,0,0
100,0.8676871525089946,1.512051064725094,-0.16445660688841224,0.4257956527724944,0.39263037057222355,0,0
101,0.8676871525089946,0.24611074550044965,0.46386302285673464,2.7575138524206415,-0.6754420176472876,1,0
102,-1.3316196666324838,-1.1702064863332327,0.6023544863689658,1.2782299239452557,1.6071182526310672,0,0
103,0.8676871525089946,-0.22367479859268116,0.3102489282713287,-0.31868385935960486,0.10010926753266651,0,0
104,-0.9223320450391784,-0.325037905444968,1.264304590812485,0.11687648203530702,-1.5409897997915012,0,0
105,-0.15458374482192935,-0.0293272692870305,-3.2838292232041377,-0.7805540246459247,0.5615174988862486,0,0
106,0.8676871525089946,0.43859079687690045,0.1571587356284978,0.4257956527724944,1.6071182526310672,0,0
107,-1.3316196666324838,-0.55689477754246,-0.8390105830658033,1.1052046142251564,0.39263037057222355,0,0
108,0.8676871525089946,0.9321841879390806,0.6023544863689658,-1.9522161704888599,0.5615174988862486,0,0
109,-1.3316196666324838,1.0422954801709345,0.46386302285673464,0.7500823353239293,-1.280416803416142,0,0
110,-1.3316196666324838,0.06499534590704331,1.9139228495307772,-0.9374776416863053,0.10010926753266651,1,0
111,0.8676871525089946,-0.44413705936815745,0.9043839562634565,-0.7805540246459247,0.5615174988862486,0,0
112,-1.3316196666324838,1.0422954801709345,-0.16445660688841224,0.2742426190493965,1.4382111317596804,1,0
113,-0.9223320450391784,-1.1702064863332327,0.3102489282713287,-0.9374776416863053,-0.921730331787622,1,0
114,0.8676871525089946,-1.8446156815991082,-0.0047571897392504996,1.605071153617645,1.282479106189737,0,0
115,-0.15458374482192935,-0.1261365262157072,1.4607678192781122,-0.9374776416863053,-0.804414005188427,1,1
116,0.8676871525089946,-0.1261365262157072,0.3102489282713287,-0.9374776416863053,-1.0372773170602954,0,0
117,0.8676871525089946,3.291997207564241,-0.3054769047773036,0.5785656164232913,-0.6754420176472876,0,0
118,-1.3316196666324838,-1.1702064863332327,-0.7079847222352659,-1.2343079713235416,-1.1606114034253998,0,0
119,0.8676871525089946,-0.7679597295939952,-0.0047571897392504996,0.4257956527724944,-0.029802370204478804,0,0
120,-1.3316196666324838,-0.7679597295939952,-0.5730195217980587,0.7500823353239293,-0.2991221104256368,1,0
121,-0.9223320450391784,1.393601034146279,-0.3054769047773036,-0.17099281813432823,-0.804414005188427,1,0
122,0.8676871525089946,0.06499534590704331,-0.7079847222352659,0.2742426190493965,0.9159855409114235,0,0
123,0.8676871525089946,-0.44413705936815745,0.7433949343325718,1.8138400084868513,1.282479106189737,1,0
124,-1.3316196666324838,1.0422954801709345,-0.16445660688841224,-0.6250384257037079,-1.0372773170602954,0,0
125,-1.3316196666324838,1.393601034146279,0.9043839562634565,-0.03262486817332337,-1.1606114034253998,0,0
126,0.8676871525089946,0.7569408579840139,-0.0047571897392504996,-0.03262486817332337,-0.029802370204478804,0,0
127,0.8676871525089946,-0.44413705936815745,-1.4202596382780572,1.443460847764804,2.021144123037122,0,0
128,0.8676871525089946,1.2554276404114768,-1.6785634460422494,-1.0967244885886567,-0.6754420176472876,0,0
129,0.8676871525089946,-0.325037905444968,1.085019301040904,-0.9374776416863053,-0.16587171560906655,0,0
130,-1.3316196666324838,-0.7679597295939952,1.9139228495307772,-1.0967244885886567,-0.804414005188427,1,1
131,0.8676871525089946,1.2554276404114768,0.46386302285673464,0.5785656164232913,0.9159855409114235,0,0
132,-1.3316196666324838,-0.6548524834650296,1.085019301040904,1.8138400084868513,0.7348629674919609,0,0
133,0.8676871525089946,-1.1702064863332327,-0.3054769047773036,1.1052046142251564,0.9159855409114235,0,0
134,0.8676871525089946,1.6241496730420317,-0.0047571897392504996,-0.31868385935960486,-1.1606114034253998,0,0
135,0.8676871525089946,-0.6548524834650296,-0.0047571897392504996,-0.7805540246459247,-0.16587171560906655,0,0
136,0.8676871525089946,-1.8446156815991082,-1.2704337577389628,-0.17099281813432823,1.4382111317596804,0,0
137,-0.6529118956758633,1.393601034146279,1.6836276456196335,-0.9374776416863053,-0.428813830031802,1,1
138,-1.3316196666324838,1.0422954801709345,-0.8390105830658033,-1.3658168616920616,-0.804414005188427,0,0
139,0.8676871525089946,0.1583592558540413,-0.0047571897392504996,-2.2463813230117147,1.6071182526310672,0,0
140,0.8676871525089946,1.393601034146279,-0.5730195217980587,-1.5032595426171302,1.110493131484629,0,0
141,-1.3316196666324838,0.543129614860126,-0.16445660688841224,0.5785656164232913,-1.0372773170602954,0,0
142,0.8676871525089946,-2.025231755542996,0.7433949343325718,0.11687648203530702,0.7348629674919609,0,0
143,0.8676871525089946,-0.0293272692870305,-0.7079847222352659,0.4257956527724944,0.39263037057222355,0,0
144,0.8676871525089946,-0.8973150323582977,0.1571587356284978,-0.31868385935960486,0.7348629674919609,0,0
145,-1.3316196666324838,-0.1261365262157072,-0.16445660688841224,-1.0967244885886567,0.10010926753266651,0,0
146,-1.3316196666324838,1.6241496730420317,1.4607678192781122,-0.6250384257037079,-2.7504095685591223,0,0
147,0.8676871525089946,-0.1261365262157072,-1.6785634460422494,0.9317166699870887,0.7348629674919609,0,0
148,0.8676871525089946,-1.029176949883184,-2.402162704074547,0.4257956527724944,-0.029802370204478804,0,0
149,-1.3316196666324838,0.846989245618208,-0.16445660688841224,0.4257956527724944,0.5615174988862486,0,0
150,-1.3316196666324838,1.393601034146279,0.9043839562634565,-0.03262486817332337,0.2362785757240634,1,0
151,0.8676871525089946,1.6241496730420317,-1.2704337577389628,0.2742426190493965,-1.0372773170602954,0,0
152,-1.3316196666324838,-0.44413705936815745,-0.16445660688841224,-1.7973844660514657,-1.280416803416142,0,0
153,-1.3316196666324838,-0.8973150323582977,0.46386302285673464,0.4257956527724944,0.39263037057222355,1,0
154,-1.3316196666324838,0.846989245618208,1.4607678192781122,0.2742426190493965,1.110493131484629,0,0
155,-1.3316196666324838,1.8599012852057695,1.9139228495307772,-0.9374776416863053,0.2362785757240634,0,0
156,-1.3316196666324838,0.6513035235718473,-0.44046225528922517,-0.47104147485308234,-1.0372773170602954,0,0
157,-1.3316196666324838,0.43859079687690045,-1.1127493480612438,-0.9374776416863053,-0.5504085639064277,0,0
158,0.8676871525089946,0.6513035235718473,0.1571587356284978,0.2742426190493965,0.10010926753266651,0,0
159,0.8676871525089946,-0.8973150323582977,0.46386302285673464,-0.31868385935960486,-0.6754420176472876,0,0
160,-1.3316196666324838,-0.0293272692870305,0.7433949343325718,2.036166066186951,-0.428813830031802,0,0
161,0.8676871525089946,-1.8446156815991082,1.4607678192781122,1.8138400084868513,1.110493131484629,0,0
162,0.8676871525089946,0.543129614860126,-0.0047571897392504996,0.11687648203530702,-0.16587171560906655,0,0
163,0.8676871525089946,-0.1261365262157072,-0.5730195217980587,0.9317166699870887,0.7348629674919609,0,0
164,0.8676871525089946,-0.8973150323582977,-0.3054769047773036,-0.17099281813432823,-1.0372773170602954,0,0
165,0.8676871525089946,-0.44413705936815745,-0.9689684899364762,1.443460847764804,1.110493131484629,0,0
166,0.8676871525089946,0.7569408579840139,-2.091166450932138,-0.7805540246459247,-1.9441697078287652,0,0
167,-0.15458374482192935,0.543129614860126,0.6023544863689658,-1.0967244885886567,-1.1606114034253998,0,0
168,0.8676871525089946,0.06499534590704331,-0.7079847222352659,0.2742426190493965,0.5615174988862486,0,0
169,-0.15458374482192935,0.24611074550044965,-0.16445660688841224,-0.6250384257037079,-0.5504085639064277,1,0
170,-0.9223320450391784,-1.5262057014140524,0.7433949343325718,-1.9522161704888599,0.2362785757240634,0,0
171,0.8676871525089946,1.8599012852057695,-0.3054769047773036,0.9317166699870887,0.10010926753266651,0,0
172,0.8676871525089946,-1.5262057014140524,-2.402162704074547,-0.9374776416863053,-0.6754420176472876,0,0
173,-1.3316196666324838,-1.1702064863332327,1.4607678192781122,1.2782299239452557,0.2362785757240634,0,1
174,-0.15458374482192935,0.1583592558540413,-0.0047571897392504996,-1.7973844660514657,-2.203433191696925,0,0
175,0.8676871525089946,0.6513035235718473,-0.16445660688841224,0.5785656164232913,-1.6635541726981753,0,0
176,0.8676871525089946,-0.6548524834650296,-0.3054769047773036,0.2742426190493965,1.110493131484629,0,0
177,-1.3316196666324838,0.846989245618208,1.9139228495307772,0.11687648203530702,-0.6754420176472876,1,1
178,0.8676871525089946,-0.8973150323582977,1.4607678192781122,1.1052046142251564,-0.5504085639064277,1,0
179,0.8676871525089946,0.1583592558540413,-1.5522124025454582,1.443460847764804,1.110493131484629,0,0
180,0.8676871525089946,-0.22367479859268116,-0.8390105830658033,1.2782299239452557,0.5615174988862486,0,0
181,0.8676871525089946,-0.325037905444968,0.7433949343325718,-0.9374776416863053,0.10010926753266651,0,0
182,-0.15458374482192935,1.2554276404114768,0.3102489282713287,-1.2343079713235416,-1.1606114034253998,0,0
183,-1.3316196666324838,-1.029176949883184,1.9139228495307772,-0.9374776416863053,-1.8041818211812597,0,0
184,-1.3316196666324838,0.7569408579840139,-0.7079847222352659,-0.47104147485308234,0.2362785757240634,1,0
185,-0.6529118956758633,1.7402828326070807,1.085019301040904,0.5785656164232913,0.10010926753266651,1,0
186,-1.3316196666324838,0.9321841879390806,1.085019301040904,-1.2343079713235416,-1.5409897997915012,1,0
187,-1.3316196666324838,-0.55689477754246,0.7433949343325718,0.5785656164232913,-0.029802370204478804,0,0
188,-0.6529118956758633,0.1583592558540413,-0.0047571897392504996,0.4257956527724944,-1.1606114034253998,1,0
189,-1.3316196666324838,0.24611074550044965,0.1571587356284978,-1.6454190841710483,-1.0372773170602954,0,0
190,-1.3316196666324838,1.393601034146279,1.9139228495307772,-2.568073229353675,-1.280416803416142,0,0
191,-1.3316196666324838,0.6513035235718473,0.6023544863689658,0.11687648203530702,0.9159855409114235,0,0
192,-1.3316196666324838,-2.1929652277293026,0.6023544863689658,0.7500823353239293,0.7348629674919609,0,0
193,-1.3316196666324838,0.43859079687690045,-0.16445660688841224,-0.47104147485308234,0.7348629674919609,0,0
194,-1.3316196666324838,0.3349307920368278,-0.5730195217980587,-0.31868385935960486,1.282479106189737,1,0
195,-0.15458374482192935,1.8599012852057695,-1.1127493480612438,-0.47104147485308234,-3.4862256459824468,0,0
196,0.8676871525089946,-0.1261365262157072,-0.5730195217980587,-1.3658168616920616,1.282479106189737,0,0
197,0.8676871525089946,0.06499534590704331,-1.1127493480612438,0.5785656164232913,1.7879209451327407,0,0
198,-1.3316196666324838,-0.7679597295939952,-0.16445660688841224,0.11687648203530702,0.39263037057222355,1,0
199,0.8676871525089946,-1.029176949883184,0.3102489282713287,0.4257956527724944,0.7348629674919609,0,0
200,0.8676871525089946,0.3349307920368278,0.7433949343325718,1.605071153617645,0.2362785757240634,1,0
201,-1.3316196666324838,-0.325037905444968,-0.16445660688841224,-0.9374776416863053,1.282479106189737,0,0
202,0.8676871525089946,-1.5262057014140524,-0.3054769047773036,-0.47104147485308234,0.2362785757240634,0,0
203,0.8676871525089946,-0.0293272692870305,-0.5730195217980587,-0.6250384257037079,0.39263037057222355,0,0
204,0.8676871525089946,-0.0293272692870305,-1.6785634460422494,0.11687648203530702,0.7348629674919609,0,0
205,0.8676871525089946,-0.6548524834650296,0.7433949343325718,-0.9374776416863053,0.5615174988862486,0,0
206,-1.3316196666324838,1.512051064725094,-0.0047571897392504996,1.8138400084868513,-1.1606114034253998,1,0
207,0.8676871525089946,0.543129614860126,-0.44046225528922517,-1.5032595426171302,1.7879209451327407,0,0
208,0.8676871525089946,0.43859079687690045,-0.7079847222352659,-0.7805540246459247,-0.2991221104256368,0,0
209,-1.3316196666324838,0.3349307920368278,-1.6785634460422494,-1.6454190841710483,0.7348629674919609,0,0
210,-1.3316196666324838,0.1583592558540413,1.4607678192781122,0.11687648203530702,0.5615174988862486,1,0
211,-1.3316196666324838,0.543129614860126,1.264304590812485,-0.17099281813432823,-1.4076594347454838,0,0
212,-1.3316196666324838,1.2554276404114768,0.3102489282713287,0.4257956527724944,-0.16587171560906655,0,0
213,0.8676871525089946,-0.8973150323582977,-2.091166450932138,0.2742426190493965,0.7348629674919609,0,0
214,0.8676871525089946,0.43859079687690045,0.9043839562634565,0.11687648203530702,-0.428813830031802,0,0
215,0.8676871525089946,0.06499534590704331,0.46386302285673464,0.7500823353239293,-0.16587171560906655,0,0
216,-1.3316196666324838,1.0422954801709345,0.3102489282713287,2.2318302954711022,-0.6754420176472876,1,0
217,-0.9223320450391784,0.846989245618208,-0.0047571897392504996,-1.3658168616920616,-0.921730331787622,0,0
218,-1.3316196666324838,0.43859079687690045,2.1840648261896933,-1.9522161704888599,2.3093468336865244,1,0
219,0.8676871525089946,1.8599012852057695,1.264304590812485,-1.6454190841710483,-1.1606114034253998,0,0
220,-1.3316196666324838,-1.029176949883184,1.6836276456196335,1.8138400084868513,-0.804414005188427,1,1
221,0.8676871525089946,0.7569408579840139,0.9043839562634565,-1.2343079713235416,-1.6635541726981753,1,0
222,0.8676871525089946,2.3049402501087557,-0.3054769047773036,-0.03262486817332337,-2.067453812800465,0,0
223,-0.9223320450391784,-1.4146463647985947,-0.0047571897392504996,-2.382848448540198,-0.2991221104256368,1,0
224,0.8676871525089946,-0.7679597295939952,-0.0047571897392504996,1.8138400084868513,0.7348629674919609,0,0
225,-0.15458374482192935,-1.5262057014140524,0.6023544863689658,-1.0967244885886567,-0.428813830031802,1,0
226,-1.3316196666324838,0.6513035235718473,2.9380503968913403,-1.0967244885886567,0.9159855409114235,1,0
227,0.8676871525089946,-1.029176949883184,-0.0047571897392504996,-1.3658168616920616,0.5615174988862486,0,0
228,-1.3316196666324838,1.0422954801709345,-0.0047571897392504996,-1.3658168616920616,-1.1606114034253998,0,0
229,-1.3316196666324838,0.846989245618208,-1.828248276058343,-0.03262486817332337,-1.6635541726981753,0,0
230,0.8676871525089946,-0.1261365262157072,-0.8390105830658033,-1.2343079713235416,-0.5504085639064277,0,0
231,-1.3316196666324838,0.3349307920368278,1.9139228495307772,-0.7805540246459247,-0.6754420176472876,1,1
232,0.8676871525089946,-0.1261365262157072,-0.9689684899364762,0.7500823353239293,0.39263037057222355,0,0
233,0.8676871525089946,-0.55689477754246,-0.5730195217980587,0.7500823353239293,-0.2991221104256368,0,0
234,0.8676871525089946,1.0422954801709345,-2.212610951235967,0.7500823353239293,-1.5409897997915012,0,0
235,0.8676871525089946,1.393601034146279,-0.5730195217980587,0.4257956527724944,-1.280416803416142,0,0
236,-0.15458374482192935,0.9321841879390806,2.4820844312160135,-0.47104147485308234,1.4382111317596804,0,0
237,-1.3316196666324838,0.43859079687690045,0.3102489282713287,-0.31868385935960486,-0.2991221104256368,1,0
238,0.8676871525089946,-0.6548524834650296,-0.9689684899364762,0.5785656164232913,0.10010926753266651,0,0
239,0.8676871525089946,0.6513035235718473,-0.44046225528922517,1.443460847764804,0.9159855409114235,0,0
240,-1.3316196666324838,0.9321841879390806,1.6836276456196335,0.11687648203530702,0.2362785757240634,0,0
241,0.8676871525089946,-0.1261365262157072,0.46386302285673464,1.2782299239452557,1.282479106189737,0,0
242,-0.9223320450391784,1.393601034146279,0.46386302285673464,-1.3658168616920616,-1.280416803416142,0,0
243,0.8676871525089946,-0.0293272692870305,0.7433949343325718,-0.47104147485308234,0.39263037057222355,0,0
244,0.8676871525089946,-0.7679597295939952,-1.1127493480612438,0.9317166699870887,0.39263037057222355,0,0
245,0.8676871525089946,0.543129614860126,-1.828248276058343,0.4257956527724944,-0.921730331787622,0,0
246,0.8676871525089946,1.0422954801709345,-0.3054769047773036,-0.7805540246459247,0.7348629674919609,0,0
247,-1.3316196666324838,0.543129614860126,1.264304590812485,-0.47104147485308234,-0.5504085639064277,0,1
248,0.8676871525089946,0.06499534590704331,0.1571587356284978,0.11687648203530702,0.2362785757240634,0,0
249,0.8676871525089946,1.153764938169479,-0.8390105830658033,-0.03262486817332337,0.10010926753266651,0,0
250,0.8676871525089946,-1.5262057014140524,1.264304590812485,1.8138400084868513,-0.029802370204478804,0,0
251,0.8676871525089946,2.3049402501087557,0.7433949343325718,-1.2343079713235416,-0.5504085639064277,0,0
252,0.8676871525089946,-1.8446156815991082,0.1571587356284978,0.11687648203530702,-0.6754420176472876,0,0
253,0.8676871525089946,0.846989245618208,1.085019301040904,1.8138400084868513,-0.428813830031802,0,0
254,-1.3316196666324838,0.43859079687690045,-0.0047571897392504996,-0.31868385935960486,-1.280416803416142,1,0
255,-1.3316196666324838,-1.6668657368834574,1.085019301040904,-0.9374776416863053,-0.428813830031802,1,1
256,-1.3316196666324838,1.393601034146279,0.3102489282713287,-0.17099281813432823,-1.8041818211812597,0,0
257,0.8676871525089946,1.0422954801709345,-0.7079847222352659,-0.6250384257037079,-0.029802370204478804,0,0
258,-0.20910275233146228,-0.7679597295939952,1.9139228495307772,-0.9374776416863053,-0.428813830031802,0,1
259,0.8676871525089946,1.512051064725094,0.7433949343325718,-2.382848448540198,-1.9441697078287652,0,0
260,0.8676871525089946,0.543129614860126,-0.44046225528922517,1.443460847764804,-1.8041818211812597,0,0
261,-1.3316196666324838,0.543129614860126,1.085019301040904,-0.31868385935960486,0.5615174988862486,1,0
262,-1.3316196666324838,-0.325037905444968,1.4607678192781122,0.5785656164232913,-0.029802370204478804,1,0
263,-1.3316196666324838,-0.8973150323582977,0.7433949343325718,0.11687648203530702,-0.6754420176472876,0,0
264,-0.15458374482192935,1.512051064725094,-1.1127493480612438,2.036166066186951,-0.2991221104256368,0,0
265,-1.3316196666324838,0.43859079687690045,0.46386302285673464,1.443460847764804,-0.16587171560906655,0,0
266,0.8676871525089946,-0.22367479859268116,-0.5730195217980587,0.11687648203530702,0.10010926753266651,0,0
267,0.8676871525089946,-0.0293272692870305,-0.7079847222352659,-0.7805540246459247,-0.804414005188427,0,0
268,0.8676871525089946,-0.325037905444968,-1.4202596382780572,0.5785656164232913,-0.16587171560906655,0,0
269,-0.9223320450391784,-0.55689477754246,0.1571587356284978,-0.31868385935960486,-1.6635541726981753,1,0
270,-1.3316196666324838,0.43859079687690045,1.4607678192781122,0.5785656164232913,0.5615174988862486,0,0
271,0.8676871525089946,-1.6668657368834574,-0.16445660688841224,1.1052046142251564,1.7879209451327407,0,0
272,-0.15458374482192935,-1.6668657368834574,-0.3054769047773036,-0.47104147485308234,0.9159855409114235,0,0
273,0.8676871525089946,0.3349307920368278,1.085019301040904,-0.31868385935960486,-0.804414005188427,0,0
274,0.8676871525089946,-1.029176949883184,-0.7079847222352659,1.2782299239452557,0.9159855409114235,0,0
275,0.8676871525089946,1.512051064725094,-1.5522124025454582,-2.1056197422838303,-0.804414005188427,0,0
276,-0.9223320450391784,-1.1702064863332327,1.085019301040904,-1.3658168616920616,0.39263037057222355,1,0
277,-0.15458374482192935,0.06499534590704331,-0.8390105830658033,-0.47104147485308234,-0.6754420176472876,0,0
278,0.8676871525089946,-0.325037905444968,-0.7079847222352659,-0.9374776416863053,-0.5504085639064277,0,0
279,-1.3316196666324838,1.153764938169479,0.1571587356284978,0.5785656164232913,-1.5409897997915012,0,0
280,0.8676871525089946,-0.7679597295939952,-0.16445660688841224,0.5785656164232913,0.39263037057222355,0,0
281,-0.15458374482192935,2.0041764383776894,2.1840648261896933,-0.47104147485308234,-0.6754420176472876,1,0
282,-1.3316196666324838,0.6513035235718473,-0.5730195217980587,0.4257956527724944,-0.428813830031802,0,0
283,-1.3316196666324838,1.393601034146279,-0.3054769047773036,-1.3658168616920616,-1.6635541726981753,1,0
284,0.8676871525089946,-0.8973150323582977,-0.5730195217980587,-0.31868385935960486,-0.5504085639064277,0,0
285,0.8676871525089946,-0.1261365262157072,1.264304590812485,0.7500823353239293,1.4382111317596804,0,0
286,-1.3316196666324838,-1.029176949883184,0.9043839562634565,-0.47104147485308234,1.7879209451327407,0,0
287,-1.3316196666324838,-0.6548524834650296,-0.44046225528922517,-1.5032595426171302,0.10010926753266651,1,0
288,0.8676871525089946,0.3349307920368278,0.3102489282713287,-0.47104147485308234,0.9159855409114235,0,0
289,-1.3316196666324838,1.0422954801709345,0.1571587356284978,-1.5032595426171302,-0.6754420176472876,1,0
290,-0.15458374482192935,0.43859079687690045,0.7433949343325718,0.2742426190493965,0.7348629674919609,0,0
291,-1.3316196666324838,2.0041764383776894,0.7433949343325718,-0.6250384257037079,-1.0372773170602954,1,0
292,-1.3316196666324838,-0.22367479859268116,1.4607678192781122,-0.6250384257037079,-0.16587171560906655,0,0
293,0.8676871525089946,-0.1261365262157072,0.1571587356284978,0.7500823353239293,-0.5504085639064277,0,0
294,0.8676871525089946,0.1583592558540413,-0.44046225528922517,-1.6454190841710483,-0.6754420176472876,0,0
295,-1.3316196666324838,-0.8973150323582977,0.6023544863689658,-1.3658168616920616,1.110493131484629,0,0
296,0.8676871525089946,0.7569408579840139,1.264304590812485,-0.47104147485308234,0.7348629674919609,0,0
297,-1.3316196666324838,0.1583592558540413,0.1571587356284978,-0.6250384257037079,-0.6754420176472876,1,0
298,-1.3316196666324838,-0.22367479859268116,-1.5522124025454582,0.11687648203530702,0.5615174988862486,0,0
299,0.8676871525089946,1.2554276404114768,-1.2704337577389628,-0.9374776416863053,0.7348629674919609,0,0
300,-1.3316196666324838,-0.55689477754246,0.6023544863689658,1.1052046142251564,0.2362785757240634,0,0
301,0.8676871525089946,1.393601034146279,-1.2704337577389628,0.4257956527724944,-0.6754420176472876,0,0
302,0.8676871525089946,-1.029176949883184,-0.0047571897392504996,1.1052046142251564,1.7879209451327407,0,0
303,0.8676871525089946,1.8599012852057695,-0.3054769047773036,-1.7973844660514657,-2.067453812800465,0,0
304,0.8676871525089946,0.24611074550044965,-0.44046225528922517,-0.03262486817332337,0.10010926753266651,0,0
305,0.8676871525089946,-0.0293272692870305,-1.6785634460422494,0.2742426190493965,-0.029802370204478804,0,0
306,0.8676871525089946,-0.44413705936815745,-0.3054769047773036,-0.47104147485308234,1.4382111317596804,0,0
307,0.8676871525089946,1.512051064725094,-2.6370722750952935,1.8138400084868513,-1.280416803416142,0,0
308,0.8676871525089946,-1.4146463647985947,1.085019301040904,2.036166066186951,0.10010926753266651,0,0
309,-1.3316196666324838,-0.6548524834650296,-0.0047571897392504996,-0.03262486817332337,0.39263037057222355,0,0
310,-0.15458374482192935,-1.1702064863332327,-0.0047571897392504996,-0.6250384257037079,0.9159855409114235,0,0
311,0.8676871525089946,-0.8973150323582977,-1.4202596382780572,1.443460847764804,0.9159855409114235,0,0
312,0.8676871525089946,0.24611074550044965,-1.2704337577389628,1.1052046142251564,-0.5504085639064277,0,0
313,-1.3316196666324838,1.0422954801709345,-0.0047571897392504996,-1.7973844660514657,-1.0372773170602954,1,0
314,0.8676871525089946,-0.1261365262157072,-1.6785634460422494,1.8138400084868513,1.6071182526310672,0,0
315,0.8676871525089946,0.3349307920368278,-1.5522124025454582,0.2742426190493965,0.9159855409114235,0,0
316,-1.3316196666324838,0.43859079687690045,-0.0047571897392504996,-0.17099281813432823,-0.2991221104256368,0,0
317,-1.3316196666324838,0.1583592558540413,-0.0047571897392504996,0.4257956527724944,0.7348629674919609,1,0
318,0.8676871525089946,0.543129614860126,-0.8390105830658033,-1.0967244885886567,-0.428813830031802,0,0
319,0.8676871525089946,0.7569408579840139,2.1840648261896933,0.11687648203530702,-1.5409897997915012,1,0
320,-1.3316196666324838,-0.8973150323582977,0.1571587356284978,1.443460847764804,-0.2991221104256368,0,0
321,0.8676871525089946,-0.7679597295939952,0.1571587356284978,0.2742426190493965,0.7348629674919609,0,0
322,0.8676871525089946,0.24611074550044965,-1.2704337577389628,-0.31868385935960486,-1.1606114034253998,0,0
323,-0.15458374482192935,1.2554276404114768,-1.4202596382780572,1.1052046142251564,-1.5409897997915012,0,0
324,-1.3316196666324838,-0.44413705936815745,1.6836276456196335,0.9317166699870887,-1.4076594347454838,1,0
325,0.8676871525089946,-0.0293272692870305,1.264304590812485,1.2782299239452557,-0.5504085639064277,1,0
326,0.8676871525089946,0.06499534590704331,-0.16445660688841224,0.2742426190493965,1.7879209451327407,0,0
327,-1.3316196666324838,-0.22367479859268116,0.46386302285673464,-0.17099281813432823,-0.16587171560906655,1,0
328,-1.3316196666324838,-0.8973150323582977,-0.44046225528922517,0.7500823353239293,0.2362785757240634,1,0
329,-1.3316196666324838,1.0422954801709345,1.085019301040904,-1.0967244885886567,0.39263037057222355,0,0
330,-1.3316196666324838,-0.22367479859268116,-0.9689684899364762,0.5785656164232913,0.9159855409114235,0,0
331,0.8676871525089946,-1.3040057873782513,-0.8390105830658033,-0.31868385935960486,1.6071182526310672,0,0
332,-0.9223320450391784,1.0422954801709345,1.085019301040904,-2.1056197422838303,-0.5504085639064277,1,0
333,0.8676871525089946,1.6241496730420317,2.1840648261896933,-1.3658168616920616,-1.4076594347454838,0,0
334,0.8676871525089946,-0.8973150323582977,-0.0047571897392504996,-0.31868385935960486,-0.428813830031802,0,0
335,0.8676871525089946,-1.3040057873782513,-1.2704337577389628,-0.6250384257037079,0.10010926753266651,0,0
336,-1.3316196666324838,-0.0293272692870305,0.3102489282713287,1.1052046142251564,-0.921730331787622,0,0
337,0.8676871525089946,-2.4960858565260966,0.3102489282713287,-1.5032595426171302,0.5615174988862486,0,0
338,0.8676871525089946,0.06499534590704331,-1.1127493480612438,-0.6250384257037079,1.7879209451327407,0,0
339,0.8676871525089946,-2.397419108181211,-1.828248276058343,2.7575138524206415,-0.921730331787622,0,0
340,-0.9223320450391784,-1.6668657368834574,0.9043839562634565,-0.31868385935960486,-1.8041818211812597,1,1
341,0.8676871525089946,-0.44413705936815745,-1.1127493480612438,0.2742426190493965,-0.029802370204478804,0,0
342,0.8676871525089946,-0.8973150323582977,-0.7079847222352659,0.11687648203530702,0.9159855409114235,0,0
343,-0.9223320450391784,-0.7679597295939952,1.9139228495307772,0.2742426190493965,2.981096761043878,1,1
344,0.8676871525089946,-0.22367479859268116,-2.212610951235967,-0.9374776416863053,-0.16587171560906655,0,0
345,-1.3316196666324838,0.6513035235718473,0.46386302285673464,-0.47104147485308234,-0.6754420176472876,1,0
346,0.8676871525089946,-1.1702064863332327,0.3102489282713287,0.7500823353239293,0.39263037057222355,0,0
347,0.8676871525089946,-0.325037905444968,-0.8390105830658033,-0.31868385935960486,0.39263037057222355,0,0
348,-1.3316196666324838,0.7569408579840139,0.9043839562634565,-0.47104147485308234,-2.067453812800465,1,0
349,0.8676871525089946,-0.55689477754246,-0.5730195217980587,-0.31868385935960486,0.9159855409114235,0,0
350,0.8676871525089946,1.0422954801709345,1.264304590812485,0.11687648203530702,0.2362785757240634,0,0
351,-1.3316196666324838,-0.8973150323582977,0.7433949343325718,-1.7973844660514657,-0.428813830031802,0,0
352,0.8676871525089946,-0.0293272692870305,0.7433949343325718,0.9317166699870887,1.7879209451327407,0,0
353,0.8676871525089946,0.1583592558540413,-0.44046225528922517,-0.6250384257037079,0.7348629674919609,0,0
354,0.8676871525089946,1.7402828326070807,-1.2704337577389628,1.443460847764804,-0.921730331787622,0,0
355,0.8676871525089946,0.43859079687690045,-0.8390105830658033,-1.2343079713235416,1.282479106189737,0,0
356,-1.3316196666324838,-1.1702064863332327,0.7433949343325718,0.9317166699870887,1.110493131484629,0,0
357,-0.9223320450391784,1.153764938169479,-0.0047571897392504996,-1.0967244885886567,-1.0372773170602954,1,0
358,0.8676871525089946,1.512051064725094,-0.7079847222352659,-1.2343079713235416,-1.280416803416142,0,0
359,0.8676871525089946,0.06499534590704331,0.6023544863689658,0.11687648203530702,-0.16587171560906655,0,0
360,0.8676871525089946,-0.55689477754246,0.1571587356284978,-1.3658168616920616,0.9159855409114235,0,0
361,-0.9223320450391784,-1.3040057873782513,0.1571587356284978,-1.9522161704888599,-0.5504085639064277,0,0
362,0.8676871525089946,-0.8973150323582977,-0.0047571897392504996,1.1052046142251564,-0.6754420176472876,0,0
363,0.8676871525089946,-1.4146463647985947,0.7433949343325718,0.9317166699870887,0.9159855409114235,0,0
364,-1.3316196666324838,-0.22367479859268116,-0.3054769047773036,0.7500823353239293,-0.804414005188427,1,0
365,0.8676871525089946,0.7569408579840139,1.4607678192781122,-1.5032595426171302,-1.8041818211812597,0,0
366,0.8676871525089946,1.2554276404114768,1.4607678192781122,0.2742426190493965,0.9159855409114235,0,0
367,-1.3316196666324838,0.24611074550044965,-0.0047571897392504996,-0.47104147485308234,0.9159855409114235,0,0
368,-1.3316196666324838,-0.55689477754246,0.9043839562634565,-0.03262486817332337,0.10010926753266651,1,0
369,0.8676871525089946,1.2554276404114768,0.46386302285673464,-0.6250384257037079,-1.0372773170602954,0,0
370,0.8676871525089946,1.0422954801709345,0.7433949343325718,1.605071153617645,-0.5504085639064277,0,0
371,0.8676871525089946,0.9321841879390806,1.264304590812485,-0.31868385935960486,0.2362785757240634,0,0
372,-1.3316196666324838,-0.0293272692870305,-1.2704337577389628,-2.382848448540198,-0.921730331787622,0,0
373,-1.3316196666324838,0.543129614860126,0.9043839562634565,-0.17099281813432823,-0.2991221104256368,1,1
374,-1.3316196666324838,-0.55689477754246,1.4607678192781122,0.2742426190493965,-0.6754420176472876,0,1
375,-1.3316196666324838,-0.1261365262157072,1.264304590812485,0.9317166699870887,-0.16587171560906655,1,0
376,0.8676871525089946,-1.029176949883184,1.085019301040904,0.7500823353239293,-0.16587171560906655,0,0
377,0.8676871525089946,-0.325037905444968,1.4607678192781122,0.5785656164232913,0.5615174988862486,0,0
378,0.8676871525089946,-1.8446156815991082,0.3102489282713287,0.7500823353239293,1.4382111317596804,0,0
379,0.8676871525089946,-0.7679597295939952,-1.828248276058343,0.11687648203530702,0.7348629674919609,0,0
380,-1.3316196666324838,2.0041764383776894,0.9043839562634565,0.2742426190493965,-1.8041818211812597,0,0
381,0.8676871525089946,0.7569408579840139,-1.1127493480612438,0.11687648203530702,-0.16587171560906655,0,0
382,0.8676871525089946,-0.0293272692870305,-0.8390105830658033,-1.7973844660514657,-0.428813830031802,0,0
383,0.8676871525089946,0.6513035235718473,-0.7079847222352659,-0.03262486817332337,-0.804414005188427,0,0
384,0.8676871525089946,-1.3040057873782513,-0.0047571897392504996,0.11687648203530702,2.021144123037122,0,0
385,0.8676871525089946,-1.5262057014140524,-0.0047571897392504996,0.4257956527724944,0.9159855409114235,0,0
386,0.8676871525089946,1.6241496730420317,0.9043839562634565,-0.31868385935960486,-1.8041818211812597,0,0
387,0.8676871525089946,1.2554276404114768,0.46386302285673464,-0.31868385935960486,-0.2991221104256368,0,0
388,-0.9223320450391784,-0.22367479859268116,0.3102489282713287,-0.47104147485308234,-1.0372773170602954,1,0
389,-0.9223320450391784,0.24611074550044965,0.3102489282713287,-1.5032595426171302,-0.029802370204478804,1,0
390,-1.3316196666324838,0.06499534590704331,-0.0047571897392504996,-0.7805540246459247,-0.804414005188427,0,0
391,0.8676871525089946,0.7569408579840139,-0.5730195217980587,1.8138400084868513,0.10010926753266651,0,0
392,0.8676871525089946,0.43859079687690045,-0.0047571897392504996,-0.47104147485308234,-0.5504085639064277,0,0
393,-1.3316196666324838,0.1583592558540413,1.264304590812485,-1.2343079713235416,-0.804414005188427,1,1
394,-1.3316196666324838,-0.0293272692870305,-0.0047571897392504996,0.5785656164232913,0.2362785757240634,0,0
395,-1.3316196666324838,-0.0293272692870305,-0.0047571897392504996,-1.0967244885886567,-0.428813830031802,1,0
396,0.8676871525089946,0.543129614860126,0.7433949343325718,0.11687648203530702,1.110493131484629,1,0
397,-1.1855460781326337,0.846989245618208,0.1571587356284978,-0.7805540246459247,-0.2991221104256368,0,0
398,0.8676871525089946,-0.44413705936815745,-1.5522124025454582,1.1052046142251564,-0.804414005188427,0,0
399,-1.3316196666324838,-0.6548524834650296,-0.16445660688841224,0.11687648203530702,1.4382111317596804,1,0
400,-0.9223320450391784,-0.7679597295939952,-0.16445660688841224,-0.47104147485308234,-0.428813830031802,1,0
401,-1.3316196666324838,-1.6668657368834574,1.264304590812485,1.2782299239452557,0.39263037057222355,0,1
402,0.8676871525089946,1.0422954801709345,-0.0047571897392504996,-0.31868385935960486,-1.6635541726981753,0,0
403,0.8676871525089946,-0.0293272692870305,-2.8662894500092158,-0.7805540246459247,2.6078557076559483,0,0
404,0.8676871525089946,-0.1261365262157072,0.3102489282713287,0.9317166699870887,2.021144123037122,0,0
405,0.8676871525089946,0.24611074550044965,-0.0047571897392504996,-0.17099281813432823,-0.428813830031802,0,0
406,-1.3316196666324838,-0.55689477754246,1.6836276456196335,1.605071153617645,0.5615174988862486,0,0
407,0.8676871525089946,-0.22367479859268116,-0.16445660688841224,-0.03262486817332337,-1.5409897997915012,0,0
408,0.8676871525089946,-0.22367479859268116,-0.5730195217980587,1.443460847764804,0.9159855409114235,0,0
409,0.8676871525089946,0.24611074550044965,1.264304590812485,-0.03262486817332337,1.4382111317596804,0,0
410,0.8676871525089946,1.0422954801709345,0.9043839562634565,-1.7973844660514657,-0.428813830031802,0,0
411,0.8676871525089946,1.2554276404114768,-1.2704337577389628,1.605071153617645,0.2362785757240634,0,0
412,-0.9223320450391784,-0.0293272692870305,2.1840648261896933,-0.31868385935960486,0.2362785757240634,0,0
413,0.8676871525089946,0.1583592558540413,-0.9689684899364762,1.605071153617645,0.9159855409114235,0,0
414,-1.3316196666324838,0.1583592558540413,-0.9689684899364762,0.7500823353239293,-0.2991221104256368,0,0
415,-1.3316196666324838,2.1466140731593804,-0.44046225528922517,-0.31868385935960486,-1.6635541726981753,0,0
416,0.8676871525089946,0.6513035235718473,-0.7079847222352659,-0.31868385935960486,-0.029802370204478804,0,0
417,0.8676871525089946,-0.325037905444968,-0.44046225528922517,-0.31868385935960486,-1.4076594347454838,0,0
418,0.8676871525089946,-1.5262057014140524,0.46386302285673464,0.4257956527724944,0.5615174988862486,0,0
419,0.8676871525089946,-1.4146463647985947,-0.16445660688841224,-0.9374776416863053,-0.16587171560906655,0,0
420,0.8676871525089946,-0.8973150323582977,-1.5522124025454582,-0.03262486817332337,0.10010926753266651,0,0
421,-1.3316196666324838,0.6513035235718473,-0.44046225528922517,-0.03262486817332337,0.5615174988862486,0,0
422,0.8676871525089946,-0.1261365262157072,-1.2704337577389628,-0.03262486817332337,2.021144123037122,0,0
423,0.8676871525089946,0.24611074550044965,-1.5522124025454582,0.4257956527724944,-1.4076594347454838,0,0
424,-1.3316196666324838,-0.22367479859268116,-0.16445660688841224,-1.3658168616920616,0.9159855409114235,0,0
425,0.8676871525089946,-0.6548524834650296,-0.9689684899364762,0.5785656164232913,-0.16587171560906655,0,0
426,0.8676871525089946,0.06499534590704331,-0.3054769047773036,-0.03262486817332337,-0.16587171560906655,0,0
427,0.8676871525089946,-1.029176949883184,-0.8390105830658033,0.9317166699870887,0.5615174988862486,0,0
428,0.8676871525089946,0.24611074550044965,-0.9689684899364762,-0.7805540246459247,0.9159855409114235,0,0
429,-0.20910275233146228,-1.5262057014140524,0.9043839562634565,-0.03262486817332337,0.9159855409114235,1,0
430,0.8676871525089946,-0.22367479859268116,0.9043839562634565,-0.17099281813432823,1.7879209451327407,0,0
431,0.8676871525089946,-0.0293272692870305,0.46386302285673464,-1.3658168616920616,0.39263037057222355,0,0
432,0.8676871525089946,-0.22367479859268116,-0.16445660688841224,-0.7805540246459247,-1.280416803416142,0,0
433,0.8676871525089946,0.24611074550044965,-0.3054769047773036,-0.31868385935960486,-0.5504085639064277,0,0
434,0.8676871525089946,1.0422954801709345,-0.16445660688841224,-0.31868385935960486,-0.029802370204478804,0,0
435,-1.3316196666324838,-1.5262057014140524,1.4607678192781122,-0.6250384257037079,1.4382111317596804,0,0
436,-1.3316196666324838,-0.1261365262157072,0.6023544863689658,0.11687648203530702,-0.2991221104256368,0,0
437,-1.3316196666324838,-1.029176949883184,1.085019301040904,-0.17099281813432823,0.9159855409114235,0,0
438,0.8676871525089946,-1.6668657368834574,1.264304590812485,0.11687648203530702,1.110493131484629,0,0
439,-1.3316196666324838,1.7402828326070807,1.6836276456196335,0.11687648203530702,-0.428813830031802,0,0
440,0.8676871525089946,-0.44413705936815745,-0.8390105830658033,0.2742426190493965,1.110493131484629,0,0
441,0.8676871525089946,-0.6548524834650296,0.7433949343325718,0.9317166699870887,1.6071182526310672,0,0
442,0.8676871525089946,-0.8973150323582977,-0.16445660688841224,-0.7805540246459247,0.10010926753266651,0,0
443,0.8676871525089946,0.7569408579840139,-0.8390105830658033,-0.17099281813432823,-1.1606114034253998,0,0
444,0.8676871525089946,-0.44413705936815745,-2.8662894500092158,-1.5032595426171302,-1.1606114034253998,0,0
445,0.8676871525089946,0.3349307920368278,-0.7079847222352659,-1.6454190841710483,0.39263037057222355,0,0
446,-1.3316196666324838,0.846989245618208,-0.5730195217980587,-0.03262486817332337,-0.16587171560906655,1,0
447,0.8676871525089946,0.06499534590704331,-0.3054769047773036,-0.6250384257037079,-0.029802370204478804,0,0
448,-1.3316196666324838,-0.55689477754246,1.6836276456196335,-0.17099281813432823,0.2362785757240634,1,0
449,-1.3316196666324838,-1.5262057014140524,2.1840648261896933,-0.31868385935960486,-0.029802370204478804,1,0
450,-1.3316196666324838,0.543129614860126,0.1571587356284978,-1.0967244885886567,1.282479106189737,1,0
451,-1.3316196666324838,0.7569408579840139,-0.7079847222352659,-1.5032595426171302,-0.5504085639064277,0,0
452,-0.9223320450391784,1.6241496730420317,1.085019301040904,1.443460847764804,-1.8041818211812597,0,1
453,0.8676871525089946,0.06499534590704331,2.9380503968913403,-0.6250384257037079,-0.029802370204478804,0,0
454,-0.9223320450391784,0.3349307920368278,-0.8390105830658033,-1.0967244885886567,0.7348629674919609,0,0
455,0.8676871525089946,-2.1929652277293026,-0.16445660688841224,2.7575138524206415,1.110493131484629,0,0
456,0.8676871525089946,1.2554276404114768,-0.3054769047773036,-1.3658168616920616,-1.4076594347454838,0,0
457,0.8676871525089946,-0.7679597295939952,-0.8390105830658033,-1.0967244885886567,0.2362785757240634,0,0
458,0.8676871525089946,-1.1702064863332327,-0.0047571897392504996,0.2742426190493965,-0.5504085639064277,0,0
459,-1.3316196666324838,1.2554276404114768,0.9043839562634565,-0.03262486817332337,-0.921730331787622,1,1
460,0.8676871525089946,-2.025231755542996,-1.1127493480612438,1.605071153617645,0.5615174988862486,0,0
461,-1.3316196666324838,1.7402828326070807,-0.16445660688841224,1.605071153617645,0.39263037057222355,0,0
462,-1.3316196666324838,0.1583592558540413,0.46386302285673464,-1.2343079713235416,-0.428813830031802,0,0
463,0.8676871525089946,0.6513035235718473,-0.7079847222352659,-0.9374776416863053,-0.921730331787622,0,0
464,0.8676871525089946,-0.325037905444968,-0.5730195217980587,-0.9374776416863053,0.2362785757240634,0,0
465,0.8676871525089946,-0.1261365262157072,1.6836276456196335,2.461488104553785,0.2362785757240634,0,0
466,-1.3316196666324838,0.1583592558540413,-0.44046225528922517,0.2742426190493965,-0.428813830031802,0,0
467,-1.3316196666324838,0.7569408579840139,0.6023544863689658,-0.6250384257037079,-0.428813830031802,0,0
468,-1.3316196666324838,1.2554276404114768,-0.44046225528922517,-0.17099281813432823,0.7348629674919609,0,0
469,-1.3316196666324838,-1.029176949883184,-0.3054769047773036,-0.17099281813432823,0.9159855409114235,0,0
470,-1.3316196666324838,2.0041764383776894,1.264304590812485,1.443460847764804,-1.1606114034253998,0,1
471,-0.20910275233146228,-0.44413705936815745,1.085019301040904,0.11687648203530702,-1.4076594347454838,0,0
472,0.8676871525089946,0.6513035235718473,-0.0047571897392504996,-0.17099281813432823,0.5615174988862486,0,0
473,-1.3316196666324838,0.43859079687690045,1.085019301040904,0.4257956527724944,-1.0372773170602954,0,0
474,-1.3316196666324838,0.7569408579840139,1.4607678192781122,-0.03262486817332337,-0.804414005188427,1,1
475,-1.3316196666324838,0.9321841879390806,-0.0047571897392504996,-0.03262486817332337,-0.428813830031802,0,0
476,0.8676871525089946,1.2554276404114768,-0.3054769047773036,0.11687648203530702,0.39263037057222355,0,0
477,0.8676871525089946,-0.7679597295939952,-0.44046225528922517,0.4257956527724944,0.7348629674919609,0,0
478,0.8676871525089946,-1.029176949883184,-0.3054769047773036,1.2782299239452557,1.282479106189737,0,0
479,-1.3316196666324838,-0.44413705936815745,0.6023544863689658,1.8138400084868513,-0.5504085639064277,1,0
480,0.8676871525089946,1.6241496730420317,-0.44046225528922517,0.5785656164232913,-0.804414005188427,0,0
481,0.8676871525089946,0.6513035235718473,-1.9751020205770597,-0.17099281813432823,-1.0372773170602954,0,0
482,-1.3316196666324838,0.6513035235718473,-0.0047571897392504996,-0.47104147485308234,-1.5409897997915012,0,0
483,0.8676871525089946,0.43859079687690045,-0.0047571897392504996,-0.9374776416863053,1.6071182526310672,0,0
484,-1.3316196666324838,-1.5262057014140524,-0.9689684899364762,0.4257956527724944,0.9159855409114235,1,0
485,0.8676871525089946,-0.22367479859268116,-0.3054769047773036,-0.03262486817332337,0.5615174988862486,0,0
486,-0.15458374482192935,-0.325037905444968,-0.9689684899364762,0.7500823353239293,0.39263037057222355,0,0
487,0.8676871525089946,1.0422954801709345,-1.828248276058343,0.2742426190493965,-0.428813830031802,0,0
488,0.8676871525089946,0.43859079687690045,-0.3054769047773036,2.2318302954711022,1.110493131484629,0,0
489,-1.3316196666324838,-0.1261365262157072,1.4607678192781122,-0.31868385935960486,-0.029802370204478804,1,0
490,-0.9223320450391784,2.1466140731593804,-0.3054769047773036,-1.5032595426171302,0.2362785757240634,1,0
491,0.8676871525089946,-1.4146463647985947,0.46386302285673464,-0.7805540246459247,0.5615174988862486,0,0
492,0.8676871525089946,-0.44413705936815745,0.1571587356284978,-0.03262486817332337,0.9159855409114235,0,0
493,0.8676871525089946,-0.0293272692870305,0.46386302285673464,0.2742426190493965,0.39263037057222355,0,0
494,-1.3316196666324838,-2.025231755542996,0.6023544863689658,-1.3658168616920616,-0.5504085639064277,0,0
495,0.8676871525089946,-0.55689477754246,1.4607678192781122,-1.3658168616920616,-0.029802370204478804,0,0
496,-0.9223320450391784,0.3349307920368278,-0.0047571897392504996,0.5785656164232913,-1.280416803416142,0,0
497,0.8676871525089946,-2.025231755542996,-0.7079847222352659,1.605071153617645,1.110493131484629,0,0
498,-0.6529118956758633,-0.325037905444968,0.7433949343325718,-0.47104147485308234,-0.804414005188427,1,0
499,0.8676871525089946,-0.44413705936815745,-0.16445660688841224,-0.17099281813432823,-0.6754420176472876,0,0
500,0.8676871525089946,0.1583592558540413,-0.44046225528922517,0.4257956527724944,0.10010926753266651,0,0
501,-1.3316196666324838,-0.6548524834650296,-0.0047571897392504996,0.5785656164232913,-0.2991221104256368,0,0
502,0.8676871525089946,-0.0293272692870305,-0.5730195217980587,0.9317166699870887,-0.2991221104256368,0,0
503,0.8676871525089946,1.0422954801709345,0.46386302285673464,0.9317166699870887,-1.4076594347454838,0,0
504,-0.9223320450391784,1.7402828326070807,-0.5730195217980587,-0.47104147485308234,-1.0372773170602954,1,0
505,0.8676871525089946,0.3349307920368278,-0.8390105830658033,-0.6250384257037079,-0.6754420176472876,0,0
506,-0.6529118956758633,-1.3040057873782513,1.4607678192781122,1.1052046142251564,0.10010926753266651,1,0
507,-1.3316196666324838,-0.8973150323582977,1.6836276456196335,-0.03262486817332337,-0.5504085639064277,1,1
508,-0.15458374482192935,0.24611074550044965,-0.8390105830658033,0.2742426190493965,1.110493131484629,0,0
509,0.8676871525089946,0.3349307920368278,-1.5522124025454582,0.4257956527724944,1.110493131484629,0,0
510,0.8676871525089946,-0.8973150323582977,0.1571587356284978,0.11687648203530702,0.7348629674919609,0,0
511,0.8676871525089946,-1.5262057014140524,-0.0047571897392504996,-0.03262486817332337,1.4382111317596804,0,0
512,0.8676871525089946,-0.55689477754246,-0.7079847222352659,0.11687648203530702,0.9159855409114235,0,0
513,0.8676871525089946,-0.8973150323582977,-0.5730195217980587,-0.6250384257037079,-0.029802370204478804,0,0
514,-1.3316196666324838,2.3049402501087557,-0.0047571897392504996,-2.568073229353675,-2.9236850632140676,0,0
515,0.8676871525089946,0.846989245618208,1.4607678192781122,0.11687648203530702,-2.3263774231934735,0,0
516,0.8676871525089946,-1.1702064863332327,-1.1127493480612438,-0.03262486817332337,-1.9441697078287652,0,0
517,0.8676871525089946,1.153764938169479,-1.9751020205770597,-0.31868385935960486,-0.16587171560906655,0,0
518,0.8676871525089946,-1.3040057873782513,0.3102489282713287,0.4257956527724944,0.39263037057222355,0,0
519,0.8676871525089946,-0.1261365262157072,-0.0047571897392504996,0.5785656164232913,0.5615174988862486,0,0
520,-0.9223320450391784,-0.55689477754246,-0.16445660688841224,0.2742426190493965,-1.8041818211812597,0,0
521,-1.3316196666324838,1.2554276404114768,-2.402162704074547,-1.0967244885886567,-0.804414005188427,0,0
522,0.8676871525089946,-1.029176949883184,-0.3054769047773036,0.4257956527724944,-0.804414005188427,0,0
523,-1.3316196666324838,0.7569408579840139,0.7433949343325718,0.5785656164232913,-0.029802370204478804,0,0
524,0.8676871525089946,-0.8973150323582977,-0.44046225528922517,-0.31868385935960486,0.2362785757240634,0,0
525,0.8676871525089946,0.1583592558540413,0.1571587356284978,-0.17099281813432823,0.5615174988862486,0,0
526,0.8676871525089946,1.153764938169479,1.085019301040904,-1.7973844660514657,-0.921730331787622,1,0
527,-0.9223320450391784,0.846989245618208,0.6023544863689658,0.5785656164232913,0.7348629674919609,0,0
528,0.8676871525089946,-0.325037905444968,-0.3054769047773036,-0.31868385935960486,-0.16587171560906655,0,0
529,0.8676871525089946,-0.44413705936815745,-1.2704337577389628,-1.6454190841710483,-0.16587171560906655,0,0
530,-0.15458374482192935,0.43859079687690045,-0.9689684899364762,0.11687648203530702,-0.16587171560906655,0,0
531,0.8676871525089946,-1.8446156815991082,-0.44046225528922517,1.443460847764804,1.4382111317596804,0,0
532,-1.3316196666324838,2.3049402501087557,0.7433949343325718,-2.1056197422838303,-1.8041818211812597,0,0
533,-1.3316196666324838,1.512051064725094,0.9043839562634565,-1.6454190841710483,-0.029802370204478804,1,0
534,0.8676871525089946,2.1466140731593804,-1.1127493480612438,-0.47104147485308234,-2.445423106004467,0,0
535,-1.3316196666324838,0.1583592558540413,-0.0047571897392504996,0.4257956527724944,-1.5409897997915012,1,0
536,0.8676871525089946,1.2554276404114768,1.4607678192781122,0.4257956527724944,-0.6754420176472876,0,0
537,0.8676871525089946,0.06499534590704331,-1.2704337577389628,-0.03262486817332337,0.2362785757240634,0,0
538,0.8676871525089946,-1.1702064863332327,0.9043839562634565,-1.2343079713235416,-0.804414005188427,0,0
539,-1.3316196666324838,0.43859079687690045,-0.16445660688841224,-0.17099281813432823,-0.5504085639064277,0,0
540,-0.9223320450391784,-0.0293272692870305,-0.7079847222352659,-0.6250384257037079,-0.2991221104256368,0,0
541,0.8676871525089946,-1.1702064863332327,-2.212610951235967,1.8138400084868513,0.5615174988862486,0,0
542,0.8676871525089946,0.43859079687690045,-1.1127493480612438,0.5785656164232913,0.2362785757240634,0,0
543,-1.3316196666324838,0.9321841879390806,-0.16445660688841224,-0.47104147485308234,-0.921730331787622,0,0
544,0.8676871525089946,1.0422954801709345,1.6836276456196335,-1.3658168616920616,0.39263037057222355,0,0
545,-1.3316196666324838,-0.325037905444968,0.1571587356284978,-0.31868385935960486,0.7348629674919609,0,0
546,0.8676871525089946,1.393601034146279,-0.3054769047773036,-0.31868385935960486,-0.6754420176472876,0,0
547,-1.3316196666324838,-1.4146463647985947,0.46386302285673464,0.11687648203530702,0.2362785757240634,0,0
548,0.8676871525089946,1.153764938169479,0.1571587356284978,0.2742426190493965,-0.2991221104256368,0,0
549,-1.3316196666324838,-0.8973150323582977,-0.44046225528922517,-0.6250384257037079,-0.029802370204478804,0,0
550,0.8676871525089946,-0.1261365262157072,-1.5522124025454582,2.2318302954711022,1.6071182526310672,0,0
551,0.8676871525089946,0.06499534590704331,-0.7079847222352659,0.2742426190493965,1.282479106189737,0,0
552,-1.3316196666324838,-1.8446156815991082,0.7433949343325718,-0.9374776416863053,1.110493131484629,0,0
553,0.8676871525089946,-0.325037905444968,-0.5730195217980587,-0.9374776416863053,0.7348629674919609,0,0
554,-1.3316196666324838,1.393601034146279,2.9380503968913403,3.4689652828786643,-0.804414005188427,1,1
555,0.8676871525089946,-0.6548524834650296,-0.3054769047773036,0.2742426190493965,-0.804414005188427,0,0
556,0.8676871525089946,1.2554276404114768,1.264304590812485,-1.7973844660514657,0.2362785757240634,0,0
557,0.8676871525089946,-1.8446156815991082,0.7433949343325718,1.605071153617645,0.2362785757240634,0,0
558,0.8676871525089946,-0.6548524834650296,-1.1127493480612438,1.1052046142251564,0.9159855409114235,0,0
559,-0.6529118956758633,0.7569408579840139,1.264304590812485,0.9317166699870887,0.39263037057222355,0,0
560,0.8676871525089946,0.6513035235718473,0.3102489282713287,-0.31868385935960486,-0.2991221104256368,0,0
561,-1.3316196666324838,-0.1261365262157072,1.085019301040904,0.2742426190493965,-1.0372773170602954,1,0
562,0.8676871525089946,0.3349307920368278,1.085019301040904,0.7500823353239293,0.9159855409114235,1,0
563,-0.6529118956758633,1.6241496730420317,0.7433949343325718,-1.0967244885886567,-1.5409897997915012,0,0
564,-0.6529118956758633,-0.325037905444968,0.7433949343325718,0.5785656164232913,-0.921730331787622,1,0
565,0.8676871525089946,-0.8973150323582977,0.9043839562634565,0.11687648203530702,-0.6754420176472876,0,0
